Zone,Landmark
Koramangala,Sony Signal
Koramangala,Forum Mall
Koramangala,Jyoti Nivas College
Koramangala,6th Block
Indiranagar,BDA Complex
Indiranagar,CMH Road Metro Station
Indiranagar,100 Feet Road
Indiranagar,Toit
MG Road,MG Road Metro Station
MG Road,Trinity Circle
MG Road,Garuda Mall
MG Road,Brigade Road
Whitefield,Forum Shantiniketan
Whitefield,ITPL Main Gate
Whitefield,Hope Farm
Whitefield,Vydehi Hospital
Electronic City,Infosys Gate 1
Electronic City,Wipro Gate
Electronic City,Velankani Tech Park
Electronic City,E-City Phase 2 Bus Stop
Yeshwantpur,Orion Mall
Yeshwantpur,Yeshwantpur Railway Station
Yeshwantpur,Taj Yeshwantpur
Yeshwantpur,Metro Station
Jayanagar,4th Block Complex
Jayanagar,South End Circle
Jayanagar,Jayanagar Metro
Jayanagar,Central Library
Marathahalli,Marathahalli Bridge
Marathahalli,Innovative Multiplex
Marathahalli,Spice Garden
Marathahalli,Tulsi Theatre
Hebbal,Esteem Mall
Hebbal,Hebbal Flyover
Hebbal,Columbia Asia Hospital
Hebbal,Hebbal Bus Stop
Banashankari,BSK BDA Complex
Banashankari,BSK TTMC
Banashankari,BSK 2nd Stage
Banashankari,BSK Metro Station
